<?xml version="1.0" encoding="UTF-8"?>
<objects serializationModel="Studio.02.01.00">
	<object class="EncodingSetting" id="{a9d490c2-dc9e-477a-a28a-697ca93c8a64}">
		<property name="encodingFormat">
			<value>3</value>
		</property>
		<property name="quality">
			<value>37</value>
		</property>
		<relationship name="platform">
			<destination>{1d816fed-2892-4e9d-87e8-6ad3d200b408}</destination>
		</relationship>
		<relationship name="encodable">
			<destination>{1d816fed-2892-4e9d-87e8-6ad3d200b408}</destination>
		</relationship>
	</object>
</objects>
