<?xml version="1.0" encoding="UTF-8"?>
<objects serializationModel="Studio.02.01.00">
	<object class="Workspace" id="{07529e9b-1364-42fd-aec2-2f3e9be2b5b2}">
		<relationship name="projectSettings">
			<destination>{de19495f-8cf9-4768-aa5d-110964b69612}</destination>
		</relationship>
	</object>
	<object class="ProjectSettings" id="{de19495f-8cf9-4768-aa5d-110964b69612}">
		<relationship name="activePlatform">
			<destination>{1d816fed-2892-4e9d-87e8-6ad3d200b408}</destination>
		</relationship>
	</object>
</objects>
