<?xml version="1.0" encoding="UTF-8"?>
<objects serializationModel="Studio.02.01.00">
	<object class="Event" id="{c02f1bde-87a2-4930-9008-410c82c7f43f}">
		<property name="name">
			<value>Turret_Attack</value>
		</property>
		<property name="outputFormat">
			<value>2</value>
		</property>
		<relationship name="folder">
			<destination>{77f1b8b4-6065-4740-ba8f-1d9a0b448e2c}</destination>
		</relationship>
		<relationship name="mixer">
			<destination>{5179eaf8-3ae5-49fb-81b6-59711809fe74}</destination>
		</relationship>
		<relationship name="masterTrack">
			<destination>{3b605e73-0390-4a80-ae9f-75d8bf65b3e1}</destination>
		</relationship>
		<relationship name="mixerInput">
			<destination>{6467d309-e3a4-45d4-bb4d-08b829dca354}</destination>
		</relationship>
		<relationship name="automatableProperties">
			<destination>{e37324ab-e7f4-48f7-a02a-25ddb7cfc9ac}</destination>
		</relationship>
		<relationship name="markerTracks">
			<destination>{e413123e-0d00-46e0-b6c0-955d5adb5d31}</destination>
		</relationship>
		<relationship name="groupTracks">
			<destination>{95f9836f-3471-42c7-abc1-d86fdb69c57e}</destination>
		</relationship>
		<relationship name="timeline">
			<destination>{a861b2ad-d733-4b98-a27a-ef7b72dbba09}</destination>
		</relationship>
		<relationship name="parameters">
			<destination>{566e7aa4-e5e3-485a-af3c-e6d18d9957e7}</destination>
		</relationship>
	</object>
	<object class="EventMixer" id="{5179eaf8-3ae5-49fb-81b6-59711809fe74}">
		<relationship name="masterBus">
			<destination>{cfccf03b-b9ac-4b8c-b48a-00bbdd01a8d4}</destination>
		</relationship>
	</object>
	<object class="MasterTrack" id="{3b605e73-0390-4a80-ae9f-75d8bf65b3e1}">
		<relationship name="modules">
			<destination>{36491b69-586b-425f-9cc4-fd34afe6a90f}</destination>
		</relationship>
		<relationship name="mixerGroup">
			<destination>{cfccf03b-b9ac-4b8c-b48a-00bbdd01a8d4}</destination>
		</relationship>
	</object>
	<object class="MixerInput" id="{6467d309-e3a4-45d4-bb4d-08b829dca354}">
		<relationship name="effectChain">
			<destination>{39967cd7-60ce-42a0-a45d-30b814efc5f5}</destination>
		</relationship>
		<relationship name="panner">
			<destination>{a99b1884-1bb1-447e-ae80-b1f9b4897aa5}</destination>
		</relationship>
		<relationship name="output">
			<destination>{72f5dca1-51a0-4e8e-bf08-4ac3c860a789}</destination>
		</relationship>
	</object>
	<object class="EventAutomatableProperties" id="{e37324ab-e7f4-48f7-a02a-25ddb7cfc9ac}" />
	<object class="MarkerTrack" id="{e413123e-0d00-46e0-b6c0-955d5adb5d31}" />
	<object class="GroupTrack" id="{95f9836f-3471-42c7-abc1-d86fdb69c57e}">
		<relationship name="mixerGroup">
			<destination>{71b7ef16-79c8-40dc-81f6-7ef97aa7be03}</destination>
		</relationship>
	</object>
	<object class="Timeline" id="{a861b2ad-d733-4b98-a27a-ef7b72dbba09}">
		<property name="isProxyEnabled">
			<value>false</value>
		</property>
	</object>
	<object class="ActionSheet" id="{566e7aa4-e5e3-485a-af3c-e6d18d9957e7}">
		<relationship name="modules">
			<destination>{36491b69-586b-425f-9cc4-fd34afe6a90f}</destination>
		</relationship>
	</object>
	<object class="EventMixerMaster" id="{cfccf03b-b9ac-4b8c-b48a-00bbdd01a8d4}">
		<relationship name="effectChain">
			<destination>{85744d97-1e2b-467b-a0e1-b9c254a46c16}</destination>
		</relationship>
		<relationship name="panner">
			<destination>{b6f7078d-ff59-4f26-b2d6-23a1249aab25}</destination>
		</relationship>
		<relationship name="mixer">
			<destination>{5179eaf8-3ae5-49fb-81b6-59711809fe74}</destination>
		</relationship>
	</object>
	<object class="MultiSound" id="{36491b69-586b-425f-9cc4-fd34afe6a90f}" />
	<object class="MixerBusEffectChain" id="{39967cd7-60ce-42a0-a45d-30b814efc5f5}">
		<relationship name="effects">
			<destination>{61139f1b-08fd-4708-8894-493e490259ff}</destination>
		</relationship>
	</object>
	<object class="MixerBusPanner" id="{a99b1884-1bb1-447e-ae80-b1f9b4897aa5}" />
	<object class="EventMixerGroup" id="{71b7ef16-79c8-40dc-81f6-7ef97aa7be03}">
		<property name="name">
			<value>Audio 1</value>
		</property>
		<relationship name="effectChain">
			<destination>{52f4729d-0e3c-4f81-9b14-d02dde4d240f}</destination>
		</relationship>
		<relationship name="panner">
			<destination>{a3d0e0df-d579-4dfc-a6b8-0001b5a70d3c}</destination>
		</relationship>
		<relationship name="output">
			<destination>{cfccf03b-b9ac-4b8c-b48a-00bbdd01a8d4}</destination>
		</relationship>
	</object>
	<object class="MixerBusEffectChain" id="{85744d97-1e2b-467b-a0e1-b9c254a46c16}">
		<relationship name="effects">
			<destination>{5229a007-a506-4cd9-adc3-3aa29950116f}</destination>
			<destination>{3b42a08f-954b-4a5d-ae46-d764671eba46}</destination>
		</relationship>
	</object>
	<object class="MixerBusPanner" id="{b6f7078d-ff59-4f26-b2d6-23a1249aab25}" />
	<object class="MixerBusFader" id="{61139f1b-08fd-4708-8894-493e490259ff}" />
	<object class="MixerBusEffectChain" id="{52f4729d-0e3c-4f81-9b14-d02dde4d240f}">
		<relationship name="effects">
			<destination>{bbfb6891-5ef4-4cf3-a20f-78ff54c8eb29}</destination>
		</relationship>
	</object>
	<object class="MixerBusPanner" id="{a3d0e0df-d579-4dfc-a6b8-0001b5a70d3c}" />
	<object class="MixerBusFader" id="{5229a007-a506-4cd9-adc3-3aa29950116f}" />
	<object class="SpatialiserEffect" id="{3b42a08f-954b-4a5d-ae46-d764671eba46}" />
	<object class="MixerBusFader" id="{bbfb6891-5ef4-4cf3-a20f-78ff54c8eb29}" />
</objects>
