<?xml version="1.0" encoding="UTF-8"?>
<objects serializationModel="Studio.02.01.00">
	<object class="Event" id="{c5564c61-60f5-447b-be6c-f26d2dcf9764}">
		<property name="name">
			<value>Turret_Death</value>
		</property>
		<property name="outputFormat">
			<value>2</value>
		</property>
		<relationship name="folder">
			<destination>{77f1b8b4-6065-4740-ba8f-1d9a0b448e2c}</destination>
		</relationship>
		<relationship name="mixer">
			<destination>{f9edea61-d032-4ca3-aae2-7cb9839c393f}</destination>
		</relationship>
		<relationship name="masterTrack">
			<destination>{f01ce131-e0f5-4843-b712-346c8dd18d90}</destination>
		</relationship>
		<relationship name="mixerInput">
			<destination>{0a85c88c-d391-47b9-9f2c-7c0af550c00d}</destination>
		</relationship>
		<relationship name="automatableProperties">
			<destination>{2745c9b4-0a71-4201-8c1d-e333e18bfe7e}</destination>
		</relationship>
		<relationship name="markerTracks">
			<destination>{08258e98-8ca7-4396-b24f-68e722ebedaf}</destination>
		</relationship>
		<relationship name="groupTracks">
			<destination>{68e9e253-56df-4c17-9c51-d38d87390aa6}</destination>
		</relationship>
		<relationship name="timeline">
			<destination>{8cbfcbd3-2bc2-40c2-a633-c953604bf8a6}</destination>
		</relationship>
		<relationship name="parameters">
			<destination>{f39ab1f0-b043-457e-be23-6a9476904746}</destination>
		</relationship>
	</object>
	<object class="EventMixer" id="{f9edea61-d032-4ca3-aae2-7cb9839c393f}">
		<relationship name="masterBus">
			<destination>{84bcb791-ca6b-4070-968a-404934d87e43}</destination>
		</relationship>
	</object>
	<object class="MasterTrack" id="{f01ce131-e0f5-4843-b712-346c8dd18d90}">
		<relationship name="modules">
			<destination>{0426afb9-33de-4be7-af1b-b74670670d69}</destination>
		</relationship>
		<relationship name="mixerGroup">
			<destination>{84bcb791-ca6b-4070-968a-404934d87e43}</destination>
		</relationship>
	</object>
	<object class="MixerInput" id="{0a85c88c-d391-47b9-9f2c-7c0af550c00d}">
		<relationship name="effectChain">
			<destination>{8a211bfd-5c07-4454-a250-cff3ba24fd92}</destination>
		</relationship>
		<relationship name="panner">
			<destination>{3be038ab-bcf8-4275-8047-b82f45a956cd}</destination>
		</relationship>
		<relationship name="output">
			<destination>{72f5dca1-51a0-4e8e-bf08-4ac3c860a789}</destination>
		</relationship>
	</object>
	<object class="EventAutomatableProperties" id="{2745c9b4-0a71-4201-8c1d-e333e18bfe7e}" />
	<object class="MarkerTrack" id="{08258e98-8ca7-4396-b24f-68e722ebedaf}" />
	<object class="GroupTrack" id="{68e9e253-56df-4c17-9c51-d38d87390aa6}">
		<relationship name="mixerGroup">
			<destination>{3463603a-d854-437d-bb11-29a6cf5fc07d}</destination>
		</relationship>
	</object>
	<object class="Timeline" id="{8cbfcbd3-2bc2-40c2-a633-c953604bf8a6}">
		<property name="isProxyEnabled">
			<value>false</value>
		</property>
	</object>
	<object class="ActionSheet" id="{f39ab1f0-b043-457e-be23-6a9476904746}">
		<relationship name="modules">
			<destination>{0426afb9-33de-4be7-af1b-b74670670d69}</destination>
		</relationship>
	</object>
	<object class="EventMixerMaster" id="{84bcb791-ca6b-4070-968a-404934d87e43}">
		<relationship name="effectChain">
			<destination>{3f41cd7d-622c-425e-bd2f-98dde3c3c19c}</destination>
		</relationship>
		<relationship name="panner">
			<destination>{c3789949-9d9c-4c69-b8f8-7e3e0caddbda}</destination>
		</relationship>
		<relationship name="mixer">
			<destination>{f9edea61-d032-4ca3-aae2-7cb9839c393f}</destination>
		</relationship>
	</object>
	<object class="MultiSound" id="{0426afb9-33de-4be7-af1b-b74670670d69}" />
	<object class="MixerBusEffectChain" id="{8a211bfd-5c07-4454-a250-cff3ba24fd92}">
		<relationship name="effects">
			<destination>{f5435b80-1a91-41c4-a76c-b1d6ed8fd93e}</destination>
		</relationship>
	</object>
	<object class="MixerBusPanner" id="{3be038ab-bcf8-4275-8047-b82f45a956cd}" />
	<object class="EventMixerGroup" id="{3463603a-d854-437d-bb11-29a6cf5fc07d}">
		<property name="name">
			<value>Audio 1</value>
		</property>
		<relationship name="effectChain">
			<destination>{fcdcb3d8-69cd-473d-948c-ef2626c87a3b}</destination>
		</relationship>
		<relationship name="panner">
			<destination>{8ad14852-47a1-4d7a-8eea-8d9e2dad871f}</destination>
		</relationship>
		<relationship name="output">
			<destination>{84bcb791-ca6b-4070-968a-404934d87e43}</destination>
		</relationship>
	</object>
	<object class="MixerBusEffectChain" id="{3f41cd7d-622c-425e-bd2f-98dde3c3c19c}">
		<relationship name="effects">
			<destination>{4c238784-2347-4f55-83bb-ceb9f03dd715}</destination>
			<destination>{334aa9dc-a58e-4cda-8092-31af9e697574}</destination>
		</relationship>
	</object>
	<object class="MixerBusPanner" id="{c3789949-9d9c-4c69-b8f8-7e3e0caddbda}" />
	<object class="MixerBusFader" id="{f5435b80-1a91-41c4-a76c-b1d6ed8fd93e}" />
	<object class="MixerBusEffectChain" id="{fcdcb3d8-69cd-473d-948c-ef2626c87a3b}">
		<relationship name="effects">
			<destination>{1b90c7a8-21f7-4c73-99a7-0707e861e416}</destination>
		</relationship>
	</object>
	<object class="MixerBusPanner" id="{8ad14852-47a1-4d7a-8eea-8d9e2dad871f}" />
	<object class="MixerBusFader" id="{4c238784-2347-4f55-83bb-ceb9f03dd715}" />
	<object class="SpatialiserEffect" id="{334aa9dc-a58e-4cda-8092-31af9e697574}" />
	<object class="MixerBusFader" id="{1b90c7a8-21f7-4c73-99a7-0707e861e416}" />
</objects>
